"Nom complet","Adresse email"
"Toy Alexandro",
"Gislason Korey",
"Ondricka Eric",
"Kshlerin Aurelio",
"Rohan Buster",
"Kilback Rolando",
"Bruen Adeline",
"Ernser Dino",
"Bayer Marc",
"Bayer Zula",
"Kuhn Rodrick",
"Nader Stephon",
"Wehner Sigrid",
"Mante Mario",
"Aufderhar Esther",
"Anderson Jimmy",
"Yost Alivia",
"Waelchi Grant",
"Jerde Crystal",
"Monahan Theron",
"Feest Juanita",
"Lowe Zackary",
"Gibson Theodora",
"Weber Arthur",
"Casper Karlie",
"Denesik Nona",
"Altenwerth Kendall",
"Gerhold Ruthe",
"Waters Ivah",
"Purdy Allen",
"Crooks Jazlyn",
"Greenfelder Leonie",
"Fahey Leonor",
"Nikolaus Reinhold",
"Lakin Brenden",
"Renner Vallie",
"Schmeler General",
"Johnston Murphy",
"Kirlin Julio",
"Koepp Bernadine",
"Bednar Alec",
"Johnston Joany",
"Thompson Haskell",
"Wisoky Dedrick",
"Crona Mabelle",
"Pfeffer Donnell",
"Stroman Olin",
"Kling Heaven",
"Abernathy Eugene",
"Luettgen Eveline",
"Kilback Hermina",
"MEBROUKI Mohamed Elamine",
"Lowe Melissa",
"Sawayn Audreanne",
"Rolfson Vincenza",
"Champlin Cassandre",
"Ryan Deanna",
"Gusikowski Jerad",
"Greenfelder Nora",
"Leuschke Elenor",
"Cruickshank Jaquan",
"Erdman Furman",
"Torphy Kathryn",
"Auer Amya",
"Mosciski Salvador",
"Pagac Jalon",
"Erdman Magdalena",
"Jaskolski Golda",
"Stracke Verla",
"Jakubowski Gustave",
"MEBROUKI Mohamed Elamine",
"Hermann Dedric",
"Langosh Franz",
"White Bobby",
"Raynor Russell",
"Schroeder Laury",
"Cassin Mustafa",
"Kunde Deonte",
"Reinger Tyshawn",
"Cartwright Nichole",
"Walsh Gaston",
"Friesen Adrain",
"Bins Isadore",
"Lesch Jerome",
"Price Arielle",
"McKenzie Corene",
"Ryan Laurence",
"Hill Shayna",
"Bechtelar Cristobal",
"Leuschke Rachelle",
"Mante Reinhold",
"Bruen Lelia",
"Schaden Mathew",
"Cremin Aric",
"Parker Reinhold",
"Treutel Lea",
"Paucek Laury",
"Stroman Favian",
"Kutch Gertrude",
"Kuhn Elvie",
